{
    "display": {
        "title": {
            "text": "Villager Tools v0.1.2",
            "color": "gold"
        },
        "description": {
            "text": "Adds helpful trigger that makes working with villagers less painful."
        },
        "icon": {
            "item": "minecraft:villager_spawn_egg"
        },
        "frame": "task",
        "show_toast": false,
        "announce_to_chat": false,
        "hidden": true
    },
    "criteria": {
        "Main": {
            "trigger": "minecraft:impossible"
        }
    },
    "parent": "vanillaplus:root"
}
